tempo_s,posicao_x_px,posicao_y_px
0.0,1648,880
0.033324978887682474,1640,882
0.06664995777536495,1627,885
0.09997493666304741,1607,889
0.1332999155507299,1581,894
0.16662489443841236,1550,899
0.19994987332609482,1514,905
0.2332748522137773,1474,910
0.2665998311014598,1430,914
0.2999248099891422,1384,918
0.3332497888768247,1336,920
0.3665747677645072,1287,921
0.39989974665218964,1238,920
0.4332247255398721,1190,917
0.4665497044275546,1143,914
0.4998746833152371,1099,909
0.5331996622029196,1059,904
0.566524641090602,1022,898
0.5998496199782845,990,892
0.6331745988659669,962,887
0.6664995777536494,941,882
0.6998245566413319,924,879
0.7331495355290144,914,877
0.7664745144166969,909,876
0.7997994933043793,911,876
0.8331244721920618,918,878
0.8664494510797442,931,879
0.8997744299674267,950,883
0.9330994088551092,974,888
0.9664243877427917,1004,894
0.9997493666304742,1038,900
1.0330743455181566,1076,905
1.0663993244058392,1118,910
1.0997243032935216,1164,914
1.133049282181204,1210,917
1.1663742610688865,1258,919
1.199699239956569,1307,919
1.2330242188442515,1355,917
1.2663491977319339,1402,914
1.2996741766196165,1447,911
1.3329991555072989,1488,906
1.3663241343949812,1526,901
1.3996491132826638,1560,896
1.4329740921703462,1589,891
1.4662990710580288,1612,887
1.4996240499457112,1629,884
1.5329490288333938,1640,881
1.5662740077210762,1646,881
1.5995989866087585,1644,881
1.6329239654964411,1636,883
1.6662489443841235,1622,886
1.6995739232718061,1601,890
1.7328989021594885,1575,895
1.766223881047171,1544,900
1.7995488599348535,1507,905
1.8328738388225359,1467,910
1.8661988177102184,1423,914
1.8995237965979008,1376,918
1.9328487754855834,1328,919
1.9661737543732658,1279,920
1.9994987332609484,1231,919
2.032823712148631,1183,917
2.066148691036313,1137,913
2.0994736699239955,1093,909
2.1327986488116784,1054,904
2.1661236276993607,1018,898
2.199448606587043,986,893
2.2327735854747255,961,887
2.266098564362408,940,882
2.2994235432500907,924,879
2.332748522137773,914,878
2.3660735010254554,911,877
2.399398479913138,913,877
2.4327234588008206,921,879
2.466048437688503,935,882
2.4993734165761854,954,885
2.5326983954638678,979,890
2.56602337435155,1009,895
2.599348353239233,1044,901
2.6326733321269153,1083,906
2.6659983110145977,1124,911
2.69932328990228,1169,915
2.7326482687899625,1217,918
2.7659732476776453,1265,919
2.7992982265653277,1313,919
2.83262320545301,1361,917
2.8659481843406924,1407,914
2.8992731632283752,1452,911
2.9325981421160576,1493,906
2.96592312100374,1530,901
2.9992480998914224,1563,896
3.0325730787791048,1591,891
3.0658980576667876,1613,887
3.09922303655447,1630,884
3.1325480154421523,1640,882
3.1658729943298347,1644,881
3.199197973217517,1642,882
3.2325229521052,1633,883
3.2658479309928823,1618,887
3.2991729098805647,1597,891
3.332497888768247,1570,896
3.36582286765593,1538,901
3.3991478465436122,1501,907
3.4324728254312946,1460,911
3.465797804318977,1416,915
3.4991227832066594,1370,918
3.532447762094342,1322,920
3.5657727409820246,1273,920
3.599097719869707,1225,919
3.6324226987573893,1178,917
3.6657476776450717,1132,913
3.6990726565327545,1090,909
3.732397635420437,1051,904
3.7657226143081193,1016,898
3.7990475931958017,986,892
3.8323725720834845,960,887
3.865697550971167,940,882
3.8990225298588492,925,879
3.9323475087465316,916,878
3.965672487634214,913,877
3.998997466521897,916,879
4.032322445409579,925,881
4.065647424297262,939,884
4.098972403184944,959,886
4.132297382072626,984,893
4.165622360960309,1014,898
4.198947339847991,1049,902
4.232272318735674,1088,907
4.265597297623357,1131,911
4.298922276511039,1176,915
4.3322472553987215,1223,918
4.365572234286404,1271,918
4.398897213174086,1319,918
4.432222192061769,1366,917
4.465547170949451,1412,914
4.498872149837133,1455,910
4.532197128724816,1495,905
4.565522107612499,1532,901
4.598847086500181,1564,896
4.632172065387864,1591,891
4.665497044275546,1612,887
4.6988220231632285,1628,884
4.732147002050911,1638,882
4.765471980938593,1641,882
4.798796959826276,1638,882
4.832121938713958,1628,885
4.865446917601641,1612,888
4.898771896489324,1590,892
4.932096875377006,1563,897
4.965421854264688,1531,902
4.998746833152371,1494,907
5.032071812040053,1453,912
5.0653967909277355,1409,916
5.098721769815418,1363,918
5.1320467487031,1315,920
5.165371727590784,1267,920
5.198696706478466,1219,919
5.232021685366148,1173,916
5.265346664253831,1128,912
5.298671643141513,1087,907
5.331996622029195,1049,902
5.365321600916878,1014,897
5.39864657980456,985,891
5.431971558692243,960,886
5.465296537579925,941,882
5.498621516467608,927,880
5.531946495355291,919,879
5.565271474242973,917,879
5.598596453130655,920,880
5.631921432018338,929,881
5.66524641090602,944,882
5.6985713897937025,965,887
5.731896368681385,991,892
5.765221347569067,1022,897
5.7985463264567505,1057,903
5.831871305344433,1096,908
5.865196284232115,1138,912
5.898521263119798,1183,916
5.93184624200748,1230,918
5.965171220895162,1277,919
5.998496199782845,1325,918
6.031821178670527,1372,917
6.0651461575582095,1417,914
6.098471136445892,1460,910
6.131796115333575,1499,905
6.1651210942212575,1535,901
6.19844607310894,1566,896
6.231771051996622,1592,891
6.265096030884305,1612,887
6.298421009771987,1627,885
6.331745988659669,1636,882
6.365070967547352,1638,882
6.398395946435034,1634,883
6.431720925322717,1623,885
6.4650459042104,1607,889
6.498370883098082,1585,893
6.531695861985765,1557,898
6.565020840873447,1524,903
6.598345819761129,1487,908
6.631670798648812,1446,912
6.664995777536494,1402,916
6.6983207564241765,1356,918
6.73164573531186,1308,920
6.764970714199542,1260,920
6.7982956930872245,1213,918
6.831620671974907,1167,915
6.864945650862589,1123,912
6.898270629750272,1082,907
6.931595608637954,1044,902
6.964920587525636,1011,896
6.998245566413319,983,891
7.031570545301001,959,886
7.064895524188684,940,883
7.098220503076367,927,881
7.131545481964049,921,879
7.1648704608517315,919,879
7.198195439739414,923,880
7.231520418627096,933,882
7.264845397514779,949,885
7.298170376402461,970,888
7.331495355290143,996,893
7.364820334177827,1028,898
7.398145313065509,1063,903
7.431470291953191,1102,909
7.464795270840874,1145,913
7.498120249728556,1190,916
7.5314452286162386,1236,918
7.564770207503921,1283,919
7.598095186391603,1331,918
7.631420165279286,1377,917
7.664745144166969,1422,914
7.698070123054651,1464,910
7.731395101942334,1503,905
7.764720080830016,1538,900
7.7980450597176985,1568,896
7.831370038605381,1593,891
7.864695017493063,1613,887
7.898019996380746,1627,884
7.931344975268428,1634,883
7.96466995415611,1636,883
7.997994933043794,1631,884
8.031319911931476,1620,886
8.064644890819158,1602,890
8.09796986970684,1579,894
8.131294848594523,1551,899
8.164619827482205,1518,904
8.197944806369888,1480,909
8.23126978525757,1439,913
8.264594764145253,1395,916
8.297919743032935,1349,919
8.331244721920617,1302,920
8.3645697008083,1254,920
8.397894679695982,1207,918
8.431219658583665,1162,915
8.464544637471349,1118,911
8.497869616359031,1078,907
8.531194595246713,1042,901
8.564519574134396,1009,896
8.597844553022078,981,891
8.63116953190976,958,886
8.664494510797443,941,882
8.697819489685125,929,880
8.731144468572808,922,880
8.76446944746049,922,880
8.797794426348172,927,881
8.831119405235855,937,883
8.864444384123537,954,884
8.89776936301122,975,889
8.931094341898902,1002,894
8.964419320786584,1033,899
8.997744299674267,1069,905
9.031069278561949,1109,909
9.064394257449631,1151,913
9.097719236337316,1196,916
9.131044215224998,1242,918
9.16436919411268,1290,919
9.197694173000363,1336,918
9.231019151888045,1382,916
9.264344130775727,1426,913
9.29766910966341,1468,909
9.330994088551092,1506,905
9.364319067438775,1540,900
9.397644046326457,1569,895
9.43096902521414,1593,891
9.464294004101822,1612,888
9.497618982989504,1625,885
9.530943961877187,1632,884
9.564268940764869,1633,884
9.597593919652551,1627,884
9.630918898540234,1615,887
9.664243877427916,1597,891
9.6975688563156,1573,895
9.730893835203283,1544,900
9.764218814090965,1511,905
9.797543792978647,1473,910
9.83086877186633,1432,914
9.864193750754012,1388,917
9.897518729641694,1342,919
9.930843708529377,1295,920
9.96416868741706,1248,919
9.997493666304742,1202,918
10.030818645192424,1157,915
10.064143624080106,1114,911
10.097468602967789,1075,906
10.130793581855471,1039,901
10.164118560743153,1008,895
10.197443539630836,980,890
10.230768518518518,958,886
10.2640934974062,942,882
10.297418476293883,930,880
10.330743455181567,925,879
10.36406843406925,925,879
10.397393412956932,930,881
10.430718391844614,942,884
10.464043370732297,959,886
10.497368349619979,981,890
10.530693328507661,1008,896
10.564018307395344,1040,900
10.597343286283026,1076,906
10.630668265170709,1115,910
10.66399324405839,1158,914
10.697318222946073,1203,917
10.730643201833756,1249,919
10.763968180721438,1296,919
10.79729315960912,1342,918
10.830618138496803,1387,916
10.863943117384485,1431,913
10.897268096272168,1472,909
10.93059307515985,1509,904
10.963918054047534,1542,900
10.997243032935216,1570,895
11.030568011822899,1594,891
11.063892990710581,1611,888
11.097217969598264,1624,885
11.130542948485946,1630,884
11.163867927373628,1629,884
11.19719290626131,1623,885
11.230517885148993,1610,888
11.263842864036675,1591,892
11.297167842924358,1567,896
11.33049282181204,1538,901
11.363817800699723,1504,905
11.397142779587405,1466,910
11.430467758475087,1424,914
11.46379273736277,1380,917
11.497117716250452,1335,919
11.530442695138134,1288,919
11.563767674025817,1242,919
11.597092652913501,1196,917
11.630417631801183,1151,914
11.663742610688866,1109,910
11.697067589576548,1071,905
11.73039256846423,1036,900
11.763717547351913,1005,895
11.797042526239595,979,890
11.830367505127278,958,885
11.86369248401496,942,883
11.897017462902642,931,881
11.930342441790325,927,880
11.963667420678007,928,881
11.99699239956569,934,883
12.030317378453372,946,883
12.063642357341054,964,886
12.096967336228737,986,891
12.130292315116419,1014,896
12.163617294004101,1047,901
12.196942272891784,1083,906
12.230267251779468,1122,911
12.26359223066715,1165,915
12.296917209554833,1209,917
12.330242188442515,1255,919
12.363567167330197,1302,919
12.39689214621788,1348,918
12.430217125105562,1393,916
12.463542103993245,1435,912
12.496867082880927,1475,908
12.53019206176861,1512,904
12.563517040656292,1544,900
12.596842019543974,1572,895
12.630166998431656,1594,891
12.663491977319339,1611,887
12.696816956207021,1622,885
12.730141935094704,1627,884
12.763466913982386,1626,885
12.796791892870068,1619,886
12.830116871757753,1605,889
12.863441850645435,1586,893
12.896766829533117,1561,897
12.9300918084208,1531,902
12.963416787308482,1497,906
12.996741766196164,1459,911
13.030066745083847,1417,914
13.06339172397153,1374,917
13.096716702859212,1328,919
13.130041681746894,1282,919
13.163366660634576,1236,919
13.196691639522259,1190,917
13.230016618409941,1147,914
13.263341597297623,1105,909
13.296666576185306,1067,905
13.329991555072988,1034,899
13.36331653396067,1004,894
13.396641512848353,978,891
13.429966491736035,958,885
13.46329147062372,943,884
13.496616449511402,933,883
13.529941428399084,929,883
13.563266407286767,931,883
13.596591386174449,938,884
13.629916365062131,950,884
13.663241343949814,969,887
13.696566322837496,992,892
13.729891301725178,1020,899
13.76321628061286,1052,905
13.796541259500543,1089,907
13.829866238388226,1129,913
13.863191217275908,1171,915
13.89651619616359,1216,918
13.929841175051273,1262,919
13.963166153938955,1308,919
13.996491132826637,1353,917
14.02981611171432,1397,915
14.063141090602002,1439,912
14.096466069489686,1479,908
14.129791048377369,1514,904
14.163116027265051,1546,899
14.196441006152734,1572,895
14.229765985040416,1594,891
14.263090963928098,1610,888
14.29641594281578,1621,886
14.329740921703463,1625,885
14.363065900591145,1623,885
14.396390879478828,1615,887
14.42971585836651,1600,890
14.463040837254193,1580,894
14.496365816141875,1555,898
14.529690795029557,1525,903
14.56301577391724,1490,907
14.596340752804922,1452,911
14.629665731692604,1411,915
14.662990710580287,1367,917
14.69631568946797,1322,919
14.729640668355653,1276,919
14.762965647243336,1230,918
14.796290626131018,1185,916
14.8296156050187,1142,913
14.862940583906383,1102,909
14.896265562794065,1065,904
14.929590541681748,1032,899
14.96291552056943,1002,894
14.996240499457112,978,891
15.029565478344795,958,886
15.062890457232477,944,885
15.09621543612016,935,884
15.129540415007842,932,883
15.162865393895524,934,884
15.196190372783207,942,884
15.229515351670889,955,887
15.262840330558571,974,890
15.296165309446254,998,895
15.329490288333938,1027,901
15.36281526722162,1060,906
15.396140246109303,1096,909
15.429465224996985,1136,914
15.462790203884667,1178,916
15.49611518277235,1223,918
15.529440161660032,1268,919
15.562765140547715,1314,919
15.596090119435397,1359,917
15.62941509832308,1402,915
15.662740077210762,1444,912
15.696065056098444,1482,908
15.729390034986126,1517,903
15.762715013873809,1548,899
15.796039992761491,1573,895
15.829364971649174,1594,891
15.862689950536856,1609,888
15.896014929424538,1619,886
15.92933990831222,1622,885
15.962664887199905,1619,886
15.995989866087587,1610,888
16.029314844975268,1595,891
16.062639823862952,1575,895
16.095964802750633,1549,899
16.129289781638317,1519,903
16.162614760525997,1484,908
16.19593973941368,1445,912
16.229264718301362,1404,915
16.262589697189046,1360,918
16.29591467607673,1315,919
16.32923965496441,1269,919
16.362564633852095,1224,918
16.395889612739776,1180,916
16.42921459162746,1137,913
16.46253957051514,1098,908
16.495864549402825,1062,903
16.529189528290505,1029,898
16.56251450717819,1001,894
16.59583948606587,977,889
16.629164464953554,958,885
16.662489443841235,945,884
16.69581442272892,937,883
16.7291394016166,934,883
16.762464380504284,937,883
16.795789359391964,946,885
16.82911433827965,960,888
16.86243931716733,979,890
16.895764296055013,1003,896
16.929089274942697,1033,899
16.962414253830378,1066,904
16.995739232718062,1102,910
17.029064211605743,1142,913
17.062389190493427,1185,916
17.095714169381107,1229,918
17.12903914826879,1274,919
17.162364127156472,1320,919
17.195689106044156,1364,917
17.229014084931837,1407,915
17.26233906381952,1448,911
17.2956640427072,1486,907
17.328989021594886,1520,903
17.362314000482566,1550,899
17.39563897937025,1574,895
17.42896395825793,1594,891
17.462288937145615,1609,888
17.495613916033296,1617,886
17.52893889492098,1620,886
17.562263873808664,1616,887
17.595588852696345,1606,888
17.62891383158403,1590,892
17.66223881047171,1569,896
17.695563789359394,1543,900
17.728888768247074,1512,904
17.76221374713476,1477,909
17.79553872602244,1438,912
17.828863704910123,1397,916
17.862188683797804,1353,918
17.895513662685488,1308,919
17.92883864157317,1263,919
17.962163620460853,1218,918
17.995488599348533,1174,916
18.028813578236218,1133,912
18.062138557123898,1094,908
18.095463536011582,1058,903
18.128788514899263,1027,898
18.162113493786947,999,893
18.19543847267463,976,890
18.228763451562312,958,886
18.262088430449996,946,884
18.295413409337677,939,884
18.32873838822536,937,883
18.36206336711304,941,884
18.395388346000725,950,883
18.428713324888406,964,888
18.46203830377609,984,892
18.49536328266377,1009,896
18.528688261551455,1039,900
18.562013240439136,1071,905
18.59533821932682,1109,910
18.6286631982145,1149,913
18.661988177102184,1191,916
18.695313155989865,1236,918
18.72863813487755,1281,919
18.76196311376523,1325,919
18.795288092652914,1370,917
18.828613071540598,1412,914
18.86193805042828,1452,911
18.895263029315963,1489,907
18.928588008203644,1522,903
18.961912987091328,1551,898
18.99523796597901,1575,894
19.028562944866692,1594,891
19.061887923754373,1608,888
19.095212902642057,1615,887
19.128537881529738,1617,886
19.161862860417422,1612,887
19.195187839305103,1602,889
19.228512818192787,1585,893
19.261837797080467,1564,896
19.29516277596815,1537,901
19.328487754855832,1506,905
19.361812733743516,1470,909
19.3951377126312,1431,913
19.42846269151888,1390,916
19.461787670406565,1346,918
19.495112649294246,1302,919
19.52843762818193,1257,919
19.56176260706961,1213,917
19.595087585957295,1169,915
19.628412564844975,1129,912
19.66173754373266,1090,907
19.69506252262034,1056,902
19.728387501508024,1025,898
19.761712480395705,998,893
19.79503745928339,976,889
19.82836243817107,959,885
19.861687417058754,947,883
19.895012395946434,941,884
19.92833737483412,940,884
19.9616623537218,944,885
19.994987332609483,954,887
20.028312311497167,969,887
20.061637290384848,990,891
20.094962269272532,1015,896
20.128287248160213,1045,901
20.161612227047897,1078,906
20.194937205935577,1115,910
20.22826218482326,1155,914
20.261587163710942,1198,917
20.294912142598626,1242,919
20.328237121486307,1287,919
20.36156210037399,1331,918
20.39488707926167,1375,917
20.428212058149356,1417,914
20.461537037037036,1456,910
20.49486201592472,1492,906
20.5281869948124,1525,902
20.561511973700085,1553,898
20.594836952587766,1576,894
20.62816193147545,1594,891
20.661486910363134,1607,888
20.694811889250815,1613,887
20.7281368681385,1614,887
20.76146184702618,1609,888
20.794786825913864,1597,890
20.828111804801544,1580,894
20.86143678368923,1558,897
20.89476176257691,1531,901
20.928086741464593,1499,906
20.961411720352274,1463,910
20.994736699239958,1424,913
21.02806167812764,1383,916
21.061386657015323,1339,918
21.094711635903003,1295,919
21.128036614790688,1251,919
21.161361593678368,1207,917
21.194686572566052,1164,915
21.228011551453733,1124,911
21.261336530341417,1086,907
21.2946615092291,1053,902
21.32798648811678,1022,897
21.361311467004466,996,893
21.394636445892147,975,889
21.42796142477983,959,885
21.46128640366751,948,884
21.494611382555195,942,883
21.527936361442876,942,883
21.56126134033056,947,884
21.59458631921824,958,885
21.627911298105925,974,888
21.661236276993606,995,892
21.69456125588129,1021,897
21.72788623476897,1051,902
21.761211213656654,1085,906
21.794536192544335,1122,911
21.82786117143202,1162,915
21.8611861503197,1205,917
21.894511129207384,1248,919
21.927836108095068,1293,919
21.96116108698275,1337,918
21.994486065870433,1380,916
22.027811044758113,1421,914
22.061136023645798,1460,910
22.094461002533478,1495,906
22.127785981421162,1527,902
22.161110960308843,1554,898
22.194435939196527,1576,894
22.227760918084208,1593,891
22.261085896971892,1605,888
22.294410875859572,1611,888
22.327735854747257,1611,888
22.361060833634937,1605,889
22.39438581252262,1592,891
22.427710791410302,1575,894
22.461035770297986,1552,898
22.494360749185667,1524,902
22.52768572807335,1492,906
22.561010706961035,1456,910
22.594335685848716,1417,914
22.6276606647364,1376,917
22.66098564362408,1333,918
22.694310622511765,1289,919
22.727635601399445,1245,918
22.76096058028713,1201,917
22.79428555917481,1159,914
22.827610538062494,1119,911
22.860935516950175,1082,906
22.89426049583786,1050,901
22.92758547472554,1020,897
22.960910453613224,995,892
22.994235432500904,975,889
23.02756041138859,960,888
23.06088539027627,950,886
23.094210369163953,944,885
23.127535348051634,945,885
23.160860326939318,951,886
23.194185305827002,962,888
23.227510284714683,978,889
23.260835263602367,1000,893
23.294160242490047,1026,900
23.32748522137773,1057,902
23.360810200265412,1090,908
23.394135179153096,1128,912
23.427460158040777,1169,915
23.46078513692846,1211,918
23.49411011581614,1255,919
23.527435094703826,1299,919
23.560760073591506,1342,918
23.59408505247919,1385,916
23.62741003136687,1426,913
23.660735010254555,1464,910
23.694059989142236,1498,906
23.72738496802992,1529,902
23.7607099469176,1555,898
23.794034925805285,1577,894
23.82735990469297,1593,891
23.86068488358065,1604,889
23.894009862468334,1609,888
23.927334841356014,1608,888
23.9606598202437,1601,889
23.99398479913138,1588,892
24.027309778019063,1570,895
24.060634756906744,1546,899
24.093959735794428,1518,903
24.12728471468211,1486,907
24.160609693569793,1450,911
24.193934672457473,1411,914
24.227259651345157,1369,917
24.260584630232838,1326,918
24.293909609120522,1282,919
24.327234588008203,1239,918
24.360559566895887,1195,917
24.393884545783568,1154,914
24.42720952467125,1115,910
24.460534503558936,1080,905
24.493859482446616,1047,901
24.5271844613343,1018,896
24.56050944022198,994,892
24.593834419109665,974,888
24.627159397997346,960,885
24.66048437688503,951,884
24.69380935577271,947,884
24.727134334660395,948,884
24.760459313548075,954,885
24.79378429243576,966,887
24.82710927132344,983,890
24.860434250211124,1005,894
24.893759229098805,1032,899
24.92708420798649,1063,903
24.96040918687417,1097,908
24.993734165761854,1135,912
25.027059144649538,1175,915
25.06038412353722,1218,918
25.093709102424903,1261,919
25.127034081312583,1305,919
25.160359060200268,1348,918
25.193684039087948,1390,916
25.227009017975632,1430,913
25.260333996863313,1467,909
25.293658975750997,1501,905
25.326983954638678,1531,901
25.360308933526362,1557,897
25.393633912414042,1577,894
25.426958891301727,1593,892
25.460283870189407,1603,890
25.49360884907709,1607,889
25.526933827964772,1605,889
25.560258806852456,1597,890
25.593583785740137,1583,893
25.62690876462782,1565,896
25.660233743515505,1541,900
25.693558722403186,1512,904
25.72688370129087,1479,908
25.76020868017855,1443,912
25.793533659066235,1404,915
25.826858637953915,1362,917
25.8601836168416,1320,918
25.89350859572928,1276,919
25.926833574616964,1233,918
25.960158553504645,1190,916
25.99348353239233,1149,913
26.02680851128001,1111,910
26.060133490167694,1076,905
26.093458469055374,1044,901
26.12678344794306,1016,896
26.16010842683074,993,892
26.193433405718423,974,890
26.226758384606104,960,887
26.260083363493788,952,887
26.293408342381472,949,886
26.326733321269153,951,886
26.360058300156837,958,887
26.393383279044517,970,890
26.4267082579322,988,891
26.460033236819882,1011,897
26.493358215707566,1038,902
26.526683194595247,1069,904
26.56000817348293,1104,911
26.59333315237061,1141,913
26.626658131258296,1182,916
26.659983110145976,1224,918
26.69330808903366,1267,919
26.72663306792134,1311,919
26.759958046809025,1354,918
26.793283025696706,1395,916
26.82660800458439,1434,913
26.85993298347207,1471,909
26.893257962359755,1504,905
26.92658294124744,1533,901
26.95990792013512,1558,897
26.993232899022804,1577,894
27.026557877910484,1592,891
27.05988285679817,1601,889
27.09320783568585,1604,889
27.126532814573533,1602,889
27.159857793461214,1593,891
27.193182772348898,1579,894
27.22650775123658,1559,897
27.259832730124263,1535,901
27.293157709011943,1506,905
27.326482687899627,1473,908
27.359807666787308,1436,912
27.393132645674992,1397,915
27.426457624562673,1356,917
27.459782603450357,1313,918
27.493107582338038,1270,919
27.52643256122572,1227,918
27.559757540113406,1185,916
27.593082519001086,1145,913
27.62640749788877,1107,909
27.65973247677645,1073,904
27.693057455664135,1042,900
27.726382434551816,1014,896
27.7597074134395,992,892
27.79303239232718,974,888
27.826357371214865,961,887
27.859682350102545,953,886
27.89300732899023,951,886
27.92633230787791,954,886
27.959657286765594,962,888
27.992982265653275,975,891
28.02630724454096,993,893
28.05963222342864,1016,897
28.092957202316324,1044,902
28.126282181204004,1075,907
28.15960716009169,1110,911
28.192932138979373,1148,915
28.226257117867053,1189,918
28.259582096754738,1231,918
28.292907075642418,1274,919
28.326232054530102,1317,919
28.359557033417783,1359,918
28.392882012305467,1400,915
28.426206991193148,1439,912
28.459531970080832,1475,909
28.492856948968512,1507,905
28.526181927856197,1535,901
28.559506906743877,1559,897
28.59283188563156,1578,894
28.626156864519242,1592,891
28.659481843406926,1600,889
28.692806822294607,1602,889
28.72613180118229,1598,890
28.75945678006997,1589,891
28.792781758957656,1574,894
28.82610673784534,1554,898
28.85943171673302,1529,901
28.892756695620704,1500,905
28.926081674508385,1466,909
28.95940665339607,1430,913
28.99273163228375,1390,916
29.026056611171434,1349,918
29.059381590059115,1307,919
29.0927065689468,1264,919
29.12603154783448,1221,918
29.159356526722163,1180,915
29.192681505609844,1140,912
29.22600648449753,1103,909
29.25933146338521,1069,904
29.292656442272893,1039,900
29.325981421160574,1013,895
29.359306400048258,991,891
29.39263137893594,974,888
29.425956357823623,962,886
29.459281336711307,955,885
29.492606315598987,953,885
29.52593129448667,957,886
29.559256273374352,965,888
29.592581252262036,979,889
29.625906231149717,998,894
29.6592312100374,1022,898
29.69255618892508,1050,902
29.725881167812766,1081,906
29.759206146700446,1116,910
29.79253112558813,1154,914
29.82585610447581,1195,917
29.859181083363495,1237,919
29.892506062251176,1280,919
29.92583104113886,1322,919
29.95915602002654,1364,917
29.992480998914225,1405,915
30.025805977801905,1443,912
30.05913095668959,1478,908
30.092455935577274,1510,904
30.125780914464954,1537,900
30.15910589335264,1560,897
30.19243087224032,1578,894
30.225755851128003,1591,891
30.259080830015684,1598,890
30.292405808903368,1599,890
30.32573078779105,1595,890
30.359055766678733,1585,892
30.392380745566413,1569,895
30.425705724454097,1549,898
30.459030703341778,1523,902
30.492355682229462,1493,906
30.525680661117143,1460,910
30.559005640004827,1423,913
30.592330618892507,1384,916
30.62565559778019,1342,918
30.658980576667876,1300,919
30.692305555555556,1258,918
30.72563053444324,1215,917
30.75895551333092,1174,915
30.792280492218605,1135,912
30.825605471106286,1099,908
30.85893044999397,1066,904
30.89225542888165,1037,899
30.925580407769335,1011,895
30.958905386657015,990,891
30.9922303655447,974,888
31.02555534443238,963,890
31.058880323320064,957,889
31.092205302207745,956,889
31.12553028109543,960,889
31.15885525998311,969,890
31.192180238870794,983,892
31.225505217758474,1003,894
31.25883019664616,1027,899
31.292155175533843,1055,903
31.325480154421523,1088,908
31.358805133309207,1123,912
31.392130112196888,1161,915
31.425455091084572,1201,917
31.458780069972253,1243,919
31.492105048859937,1286,919
31.525430027747618,1328,919
31.5587550066353,1369,917
31.592079985522982,1409,915
31.625404964410667,1447,911
31.658729943298347,1481,908
31.69205492218603,1512,904
31.725379901073712,1538,900
31.758704879961396,1560,897
31.792029858849077,1577,894
31.82535483773676,1590,891
31.85867981662444,1596,890
31.892004795512126,1597,890
31.92532977439981,1591,891
31.95865475328749,1581,893
31.991979732175174,1564,896
32.02530471106286,1543,899
32.058629689950536,1517,903
32.09195466883822,1487,907
32.125279647725904,1453,910
32.15860462661359,1416,914
32.191929605501265,1377,916
32.22525458438895,1336,918
32.25857956327663,1294,919
32.29190454216432,1251,918
32.325229521051995,1210,917
32.35855449993968,1169,915
32.39187947882736,1131,911
32.42520445771505,1096,907
32.458529436602724,1063,903
32.49185441549041,1034,899
32.52517939437809,1009,895
32.55850437326578,989,891
32.59182935215346,974,889
32.62515433104114,963,887
32.65847930992882,958,886
32.691804288816506,958,887
32.72512926770419,963,888
32.75845424659187,973,890
32.79177922547955,988,892
32.825104204367236,1008,896
32.85842918325492,1033,899
32.8917541621426,1061,904
32.92507914103028,1094,907
32.958404119917965,1129,912
32.99172909880565,1167,915
33.025054077693326,1208,917
33.05837905658101,1249,919
33.091704035468695,1292,919
33.12502901435638,1334,919
33.158353993244056,1375,917
33.19167897213174,1414,914
33.225003951019424,1451,911
33.25832892990711,1484,907
33.29165390879479,1514,904
33.32497888768247,1540,900
33.358303866570154,1561,896
33.39162884545784,1578,893
33.42495382434552,1589,892
33.4582788032332,1594,891
33.49160378212088,1594,891
33.52492876100857,1588,892
33.55825373989625,1576,894
33.59157871878393,1559,897
33.62490369767161,1538,900
33.6582286765593,1511,904
33.69155365544698,1481,907
33.72487863433466,1447,911
33.75820361322234,1409,914
33.791528592110026,1370,916
33.82485357099771,1329,918
33.858178549885395,1287,918
33.89150352877307,1245,918
33.924828507660756,1204,917
33.95815348654844,1164,914
33.991478465436124,1126,911
34.0248034443238,1091,907
34.058128423211485,1060,903
34.09145340209917,1032,898
34.124778380986854,1008,895
34.15810335987453,989,891
34.191428338762215,974,890
34.2247533176499,964,889
34.25807829653758,960,888
34.29140327542526,960,888
34.324728254312944,966,889
34.35805323320063,977,891
34.39137821208831,993,894
34.424703190976,1013,898
34.458028169863674,1038,902
34.49135314875136,1067,904
34.52467812763904,1099,909
34.558003106526726,1135,912
34.5913280854144,1174,915
34.62465306430209,1214,918
34.65797804318977,1256,919
34.691303022077456,1298,919
34.72462800096513,1339,919
34.75795297985282,1380,916
34.7912779587405,1418,914
34.824602937628185,1454,911
34.85792791651586,1487,907
34.89125289540355,1516,903
34.92457787429123,1541,900
34.957902853178915,1562,897
34.99122783206659,1577,893
35.024552810954276,1587,891
35.05787778984196,1592,891
35.091202768729644,1591,891
35.12452774761733,1584,892
35.157852726505006,1572,895
35.19117770539269,1554,898
35.224502684280374,1532,901
35.25782766316806,1505,905
35.291152642055735,1474,908
35.32447762094342,1440,911
35.3578025998311,1403,915
35.39112757871879,1363,917
35.424452557606465,1322,918
35.45777753649415,1281,919
35.49110251538183,1239,918
35.52442749426952,1198,916
35.557752473157194,1159,914
35.59107745204488,1122,911
35.62440243093256,1088,906
35.65772740982025,1057,902
35.69105238870793,1030,898
35.72437736759561,1007,894
35.75770234648329,988,891
35.791027325370976,974,890
35.82435230425866,965,888
35.85767728314634,962,888
35.89100226203402,963,888
35.924327240921706,969,889
35.95765221980939,981,890
35.99097719869707,997,893
36.02430217758475,1018,897
36.057627156472435,1044,901
36.09095213536012,1073,905
36.124277114247796,1106,909
36.15760209313548,1142,913
36.190927072023165,1180,916
36.22425205091085,1221,918
36.257577029798526,1262,919
36.29090200868621,1304,919
36.324226987573894,1345,918
36.35755196646158,1385,916
36.39087694534926,1423,913
36.42420192423694,1458,910
36.457526903124624,1490,907
36.49085188201231,1519,903
36.52417686089999,1543,899
36.55750183978767,1562,896
36.59082681867535,1577,894
36.62415179756304,1586,892
36.65747677645072,1590,892
36.6908017553384,1588,891
36.72412673422608,1580,892
36.75745171311377,1567,895
36.79077669200145,1549,898
36.82410167088913,1526,901
36.85742664977681,1499,905
36.890751628664496,1468,909
36.92407660755218,1433,912
36.957401586439865,1396,915
36.99072656532754,1357,917
37.024051544215226,1316,918
37.05737652310291,1275,918
37.090701501990594,1233,918
37.12402648087827,1193,916
37.157351459765955,1154,913
37.19067643865364,1118,910
37.224001417541324,1085,906
37.257326396429,1054,902
37.290651375316685,1028,898
37.32397635420437,1005,894
37.35730133309205,988,891
37.39062631197973,975,889
37.423951290867414,967,889
37.4572762697551,964,888
37.49060124864278,966,888
37.52392622753046,973,890
37.557251206418144,985,891
37.59057618530583,1002,894
37.62390116419351,1024,898
37.657226143081196,1050,902
37.69055112196887,1079,906
37.72387610085656,1112,910
37.75720107974424,1148,914
37.790526058631926,1187,916
37.8238510375196,1227,919
37.85717601640729,1268,919
37.89050099529497,1310,919
37.923825974182655,1350,918
37.95715095307033,1390,916
37.99047593195802,1427,913
38.0238009108457,1462,910
38.057125889733385,1493,906
38.09045086862106,1521,903
38.123775847508746,1544,899
38.15710082639643,1563,896
38.190425805284114,1577,893
38.2237507841718,1585,892
38.257075763059476,1588,891
38.29040074194716,1585,892
38.323725720834844,1577,893
38.35705069972253,1562,896
38.390375678610205,1544,899
38.42370065749789,1521,902
38.45702563638557,1493,906
38.49035061527326,1461,909
38.523675594160935,1427,912
38.55700057304862,1389,915
38.5903255519363,1350,917
38.62365053082399,1309,918
38.656975509711664,1268,918
38.69030048859935,1228,917
38.72362546748703,1188,916
38.75695044637472,1149,913
38.7902754252624,1113,909
38.82360040415008,1081,905
38.85692538303776,1052,901
38.890250361925446,1026,897
38.92357534081313,1004,894
38.95690031970081,987,891
38.99022529858849,975,890
39.023550277476176,968,889
39.05687525636386,966,889
39.09020023525154,969,889
39.12352521413922,976,891
39.156850193026905,989,892
39.19017517191459,1007,894
39.223500150802266,1029,898
39.25682512968995,1055,903
39.290150108577635,1086,907
39.32347508746532,1118,911
39.356800066352996,1155,914
39.39012504524068,1194,917
39.423450024128364,1234,918
39.45677500301605,1275,919
39.49009998190373,1316,919
39.52342496079141,1356,918
39.556749939679094,1395,915
39.59007491856678,1431,913
39.62339989745446,1466,909
39.65672487634214,1496,906
39.69004985522982,1523,902
39.72337483411751,1545,899
39.75669981300519,1563,896
39.79002479189287,1576,893
39.82334977078055,1583,892
39.85667474966824,1585,892
39.88999972855592,1582,892
39.9233247074436,1573,894
39.95664968633128,1558,896
39.989974665218966,1539,899
40.02329964410665,1515,903
40.056624622994335,1487,906
40.08994960188201,1455,910
40.123274580769696,1420,913
40.15659955965738,1382,916
40.189924538545064,1343,917
40.22324951743274,1303,918
40.256574496320425,1262,918
40.28989947520811,1222,917
40.323224454095794,1182,915
40.35654943298347,1145,912
40.389874411871155,1110,909
40.42319939075884,1078,905
40.45652436964652,1049,901
40.4898493485342,1024,897
40.523174327421884,1003,894
40.55649930630957,987,892
40.58982428519725,976,890
40.62314926408493,969,889
40.656474242972614,968,889
40.6897992218603,972,889
40.72312420074798,980,890
40.756449179635666,993,892
40.78977415852334,1012,896
40.82309913741103,1034,899
40.85642411629871,1061,904
40.889749095186396,1092,908
40.92307407407407,1125,912
40.95639905296176,1161,915
40.98972403184944,1200,917
41.023049010737125,1240,919
41.0563739896248,1281,919
41.08969896851249,1321,919
41.12302394740017,1361,917
41.156348926287855,1399,915
41.18967390517553,1436,912
41.222998884063216,1469,909
41.2563238629509,1499,905
41.289648841838584,1525,902
41.32297382072627,1546,899
41.356298799613946,1563,896
41.38962377850163,1575,893
41.422948757389314,1582,893
41.456273736277,1583,892
41.489598715164675,1578,893
41.52292369405236,1569,894
41.55624867294004,1553,897
41.58957365182773,1533,900
41.622898630715405,1509,904
41.65622360960309,1481,907
41.68954858849077,1448,910
41.72287356737846,1413,913
41.756198546266134,1376,916
41.78952352515382,1337,917
41.8228485040415,1296,918
41.85617348292919,1256,918
41.88949846181686,1216,917
41.92282344070455,1177,915
41.95614841959223,1140,912
41.989473398479916,1105,909
42.0227983773676,1074,905
42.05612335625528,1046,901
42.08944833514296,1022,897
42.122773314030646,1002,893
42.15609829291833,987,892
42.18942327180601,976,890
42.22274825069369,971,890
42.256073229581375,970,890
42.28939820846906,975,890
42.322723187356736,983,891
42.35604816624442,998,894
42.389373145132105,1016,897
42.42269812401979,1040,900
42.456023102907466,1067,905
42.48934808179515,1098,909
42.522673060682834,1131,913
42.55599803957052,1168,915
42.5893230184582,1207,917
42.62264799734588,1246,919
42.65597297623356,1287,920
42.68929795512125,1327,919
42.72262293400893,1366,917
42.75594791289661,1404,915
42.78927289178429,1440,912
42.82259787067198,1472,908
42.85592284955966,1501,905
42.88924782844734,1526,902
42.92257280733502,1547,898
42.95589778622271,1563,895
42.98922276511039,1574,893
43.02254774399807,1580,893
43.05587272288575,1580,892
43.089197701773436,1575,893
43.12252268066112,1564,895
43.1558476595488,1548,898
43.18917263843648,1528,901
43.222497617324166,1503,904
43.25582259621185,1474,908
43.289147575099534,1442,911
43.32247255398721,1407,914
43.355797532874895,1369,916
43.38912251176258,1330,918
43.42244749065026,1290,918
43.45577246953794,1250,918
43.489097448425625,1210,917
43.52242242731331,1172,915
43.55574740620099,1135,912
43.58907238508867,1102,908
43.622397363976354,1071,904
43.65572234286404,1044,900
43.68904732175172,1020,897
43.7223723006394,1001,893
43.755697279527084,987,892
43.78902225841477,977,890
43.82234723730245,972,890
43.855672216190136,973,890
43.88899719507781,977,891
43.9223221739655,987,892
43.95564715285318,1002,895
43.988972131740866,1021,897
44.02229711062854,1045,901
44.05562208951623,1073,905
44.08894706840391,1104,909
44.122272047291595,1138,912
44.15559702617927,1174,915
44.188922005066956,1213,918
44.22224698395464,1253,919
44.255571962842325,1293,919
44.28889694173,1333,918
44.322221920617686,1372,917
44.35554689950537,1409,914
44.388871878393054,1444,911
44.42219685728074,1475,908
44.455521836168415,1504,905
44.4888468150561,1528,901
44.522171793943784,1548,898
44.55549677283147,1563,895
44.588821751719145,1573,894
44.62214673060683,1578,893
44.65547170949451,1577,893
44.6887966883822,1571,894
44.722121667269874,1560,895
44.75544664615756,1543,898
44.78877162504524,1523,902
44.82209660393293,1497,905
44.855421582820604,1468,909
44.88874656170829,1435,911
44.92207154059597,1400,914
44.95539651948366,1362,916
44.98872149837133,1323,918
45.02204647725902,1284,918
45.0553714561467,1244,918
45.088696435034386,1205,916
45.12202141392207,1167,914
45.15534639280975,1131,911
45.18867137169743,1098,907
45.221996350585115,1068,904
45.2553213294728,1042,900
45.28864630836048,1019,896
45.32197128724816,1001,893
45.355296266135845,987,892
45.38862124502353,978,890
45.421946223911206,974,890
45.45527120279889,975,890
45.488596181686574,981,891
45.52192116057426,991,893
45.555246139461936,1007,896
45.58857111834962,1027,899
45.621896097237304,1051,903
45.65522107612499,1079,907
45.68854605501267,1110,909
45.72187103390035,1144,913
45.75519601278803,1181,916
45.78852099167572,1219,918
45.8218459705634,1259,919
45.85517094945108,1299,919
45.88849592833876,1338,918
45.92182090722645,1377,916
45.95514588611413,1413,914
45.98847086500181,1448,911
46.02179584388949,1479,908
46.05512082277718,1506,904
46.08844580166486,1529,901
46.12177078055254,1548,898
46.15509575944022,1563,895
46.188420738327906,1572,894
46.22174571721559,1576,893
46.25507069610327,1575,893
46.28839567499095,1568,894
46.321720653878636,1556,896
46.35504563276632,1538,899
46.388370611654004,1517,902
46.42169559054168,1491,906
46.455020569429365,1462,909
46.48834554831705,1429,912
46.52167052720473,1393,915
46.55499550609241,1356,917
46.588320484980095,1317,918
46.62164546386778,1277,918
46.65497044275546,1238,918
46.68829542164314,1199,916
46.721620400530824,1162,914
46.75494537941851,1126,911
46.78827035830619,1095,907
46.82159533719387,1065,903
46.854920316081554,1039,899
46.88824529496924,1017,896
46.92157027385692,1000,893
46.954895252744606,987,892
46.98822023163228,979,891
47.02154521051997,976,890
47.05487018940765,978,890
47.088195168295336,984,893
47.12152014718301,995,894
47.1548451260707,1011,897
47.18817010495838,1032,899
47.221495083846065,1056,903
47.25482006273374,1085,907
47.288145041621426,1116,912
47.32147002050911,1151,915
47.354794999396795,1188,916
47.38811997828447,1226,918
47.421444957172156,1265,919
47.45476993605984,1305,919
47.488094914947524,1344,918
47.5214198938352,1382,916
47.554744872722885,1418,914
47.58806985161057,1451,911
47.621394830498254,1482,907
47.65471980938594,1508,904
47.688044788273615,1531,901
47.7213697671613,1549,898
47.75469474604898,1563,895
47.78801972493667,1571,894
47.821344703824344,1574,893
47.85466968271203,1572,894
47.88799466159971,1564,895
47.9213196404874,1551,897
47.954644619375074,1533,900
47.98796959826276,1511,903
48.02129457715044,1485,906
48.054619556038126,1455,909
48.0879445349258,1422,912
48.12126951381349,1386,915
48.15459449270117,1349,917
48.187919471588856,1310,918
48.22124445047654,1271,918
48.25456942936422,1232,917
48.2878944082519,1193,916
48.321219387139585,1157,913
48.35454436602727,1122,910
48.38786934491495,1091,906
48.42119432380263,1062,903
48.454519302690315,1037,899
48.487844281578,1016,896
48.521169260465676,1000,893
48.55449423935336,988,892
48.587819218241044,980,891
48.62114419712873,978,891
48.654469176016406,980,891
48.68779415490409,987,893
48.721119133791774,999,895
48.75444411267946,1016,896
48.787769091567135,1037,900
48.82109407045482,1062,905
48.8544190493425,1091,907
48.88774402823019,1122,912
48.92106900711787,1157,914
48.95439398600555,1194,917
48.98771896489323,1233,918
49.02104394378092,1272,919
49.0543689226686,1311,919
49.08769390155628,1350,918
49.12101888044396,1387,916
49.15434385933165,1422,913
49.18766883821933,1455,910
49.22099381710701,1485,907
49.25431879599469,1510,904
49.287643774882376,1532,900
49.32096875377006,1549,898
49.35429373265774,1562,895
49.38761871154542,1569,894
49.420943690433106,1572,894
49.45426866932079,1568,894
49.487593648208474,1560,895
49.52091862709615,1546,898
49.554243605983835,1528,900
49.58756858487152,1506,904
49.6208935637592,1479,907
49.65421854264688,1449,910
49.687543521534565,1415,913
49.72086850042225,1380,915
49.75419347930993,1342,917
49.78751845819761,1304,918
49.820843437085294,1265,918
49.85416841597298,1226,917
49.88749339486066,1188,915
49.92081837374834,1152,913
49.954143352636024,1118,910
49.98746833152371,1087,907
50.02079331041139,1059,903
50.054118289299076,1035,900
50.08744326818675,1015,896
50.12076824707444,999,895
50.15409322596212,988,893
50.187418204849806,982,893
50.22074318373748,980,893
50.25406816262517,983,893
50.28739314151285,991,893
50.320718120400535,1004,894
50.35404309928821,1021,897
50.387368078175896,1042,900
50.42069305706358,1068,904
50.454018035951265,1097,909
50.48734301483894,1129,912
50.520667993726626,1164,915
50.55399297261431,1201,918
50.587317951501994,1239,919
50.62064293038967,1278,919
50.653967909277355,1317,919
50.68729288816504,1355,918
50.720617867052724,1392,915
50.75394284594041,1427,913
50.787267824828085,1459,910
50.82059280371577,1487,907
50.85391778260345,1512,903
50.88724276149114,1533,900
50.920567740378814,1550,897
50.9538927192665,1561,895
50.98721769815418,1568,895
51.02054267704187,1569,894
51.053867655929544,1565,895
51.08719263481723,1556,896
51.12051761370491,1542,898
51.153842592592596,1523,901
51.18716757148027,1500,904
51.22049255036796,1473,907
51.25381752925564,1442,910
51.287142508143326,1409,913
51.32046748703101,1373,916
51.35379246591869,1336,917
51.38711744480637,1297,918
51.420442423694055,1259,918
51.45376740258174,1220,917
51.48709238146942,1183,915
51.5204173603571,1147,913
51.553742339244785,1114,909
51.58706731813247,1084,906
51.620392297020146,1057,902
51.65371727590783,1033,898
51.687042254795514,1014,895
51.7203672336832,999,893
51.753692212570876,989,892
51.78701719145856,983,891
51.820342170346244,982,892
51.85366714923393,986,892
51.886992128121605,995,894
51.92031710700929,1008,896
51.95364208589697,1026,898
51.98696706478466,1048,902
52.02029204367234,1074,905
52.05361702256002,1103,909
52.0869420014477,1135,912
52.12026698033539,1170,915
52.15359195922307,1207,917
52.18691693811075,1245,919
52.22024191699843,1284,919
52.25356689588612,1323,919
52.2868918747738,1360,917
52.32021685366148,1397,915
52.35354183254916,1431,912
52.386866811436846,1462,909
52.42019179032453,1490,906
52.45351676921221,1514,903
52.48684174809989,1534,900
52.520166726987576,1550,898
52.55349170587526,1561,896
52.586816684762944,1566,895
52.62014166365062,1567,895
52.653466642538305,1562,895
52.68679162142599,1552,896
52.72011660031367,1537,899
52.75344157920135,1518,902
52.786766558089035,1494,905
52.82009153697672,1467,908
52.8534165158644,1436,911
52.88674149475208,1402,914
52.920066473639764,1366,916
52.95339145252745,1329,917
52.98671643141513,1291,918
53.02004141030281,1252,918
53.053366389190494,1214,917
53.08669136807818,1177,915
53.12001634696586,1142,912
53.15334132585354,1110,909
53.18666630474122,1081,905
53.21999128362891,1054,902
53.25331626251659,1032,898
53.286641241404276,1013,895
53.31996622029195,999,893
53.35329119917964,989,893
53.38661617806732,985,892
53.419941156955005,984,892
53.45326613584268,989,893
53.486591114730366,998,894
53.51991609361805,1012,897
53.553241072505735,1031,900
53.58656605139341,1053,904
53.619891030281096,1080,908
53.65321600916878,1110,911
53.686540988056464,1142,913
53.71986596694414,1177,916
53.753190945831825,1214,918
53.78651592471951,1252,919
53.819840903607194,1290,919
53.85316588249488,1328,918
53.886490861382555,1366,917
53.91981584027024,1401,915
53.95314081915792,1435,912
53.98646579804561,1465,909
54.019790776933284,1493,906
54.05311575582097,1516,903
54.08644073470865,1535,900
54.11976571359634,1550,897
54.153090692484014,1560,896
54.1864156713717,1565,895
54.21974065025938,1564,895
54.253065629147066,1559,896
54.28639060803474,1548,897
54.31971558692243,1532,900
54.35304056581011,1512,902
54.386365544697796,1488,905
54.41969052358547,1460,909
54.45301550247316,1429,912
54.48634048136084,1396,914
54.519665460248525,1360,916
54.55299043913621,1322,917
54.58631541802389,1284,918
54.61964039691157,1246,918
54.652965375799255,1209,916
54.68629035468694,1172,914
54.719615333574616,1138,912
54.7529403124623,1106,908
54.786265291349984,1077,905
54.81959027023767,1052,901
54.852915249125346,1030,898
54.88624022801303,1012,895
54.919565206900714,999,893
54.9528901857884,990,893
54.986215164676075,986,892
55.01954014356376,987,892
55.05286512245144,992,894
55.08619010133913,1002,895
55.11951508022681,1017,898
55.15284005911449,1036,902
55.18616503800217,1059,903
55.21949001688986,1086,908
55.25281499577754,1116,912
55.28613997466522,1148,915
55.3194649535529,1183,916
55.35278993244059,1220,918
55.38611491132827,1258,919
55.41943989021595,1296,919
55.45276486910363,1334,918
55.486089847991316,1371,917
55.519414826879,1406,914
55.55273980576668,1439,912
55.58606478465436,1469,910
55.619389763542046,1495,905
55.65271474242973,1517,902
55.686039721317414,1536,900
55.71936470020509,1550,897
55.752689679092775,1559,896
55.78601465798046,1563,895
55.81933963686814,1561,895
55.85266461575582,1555,896
55.885989594643505,1544,897
55.91931457353119,1527,900
55.95263955241887,1507,903
55.98596453130655,1482,906
56.019289510194234,1454,909
56.05261448908192,1423,912
56.0859394679696,1389,915
56.11926444685728,1353,916
56.152589425744964,1316,918
56.18591440463265,1278,918
56.21923938352033,1240,917
56.25256436240801,1203,916
56.28588934129569,1167,914
56.31921432018338,1133,911
56.35253929907106,1103,908
56.385864277958746,1074,904
56.41918925684642,1049,901
56.45251423573411,1028,898
56.48583921462179,1011,896
56.519164193509475,999,894
56.55248917239715,991,893
56.585814151284836,988,893
56.61913913017252,989,893
56.652464109060205,995,894
56.68578908794788,1006,896
56.719114066835566,1021,898
56.75243904572325,1041,900
56.785764024610934,1064,904
56.81908900349861,1091,907
56.852413982386295,1122,910
56.88573896127398,1154,914
56.919063940161664,1190,916
56.95238891904935,1226,918
56.985713897937025,1264,919
57.01903887682471,1302,919
57.05236385571239,1340,918
57.08568883460008,1376,916
57.119013813487754,1410,914
57.15233879237544,1442,911
57.18566377126312,1471,908
57.21898875015081,1497,905
57.252313729038484,1519,902
57.28563870792617,1536,899
57.31896368681385,1550,897
57.352288665701536,1558,896
57.38561364458921,1561,895
57.4189386234769,1559,896
57.45226360236458,1551,897
57.485588581252266,1539,898
57.51891356013994,1522,901
57.55223853902763,1501,904
57.58556351791531,1477,907
57.618888496802995,1448,910
57.65221347569068,1416,913
57.68553845457836,1382,915
57.71886343346604,1347,917
57.752188412353725,1310,918
57.78551339124141,1272,918
57.818838370129086,1234,917
57.85216334901677,1198,916
57.885488327904454,1162,914
57.91881330679214,1129,911
57.952138285679816,1099,907
57.9854632645675,1071,904
58.018788243455184,1047,901
58.05211322234287,1027,898
58.085438201230545,1011,897
58.11876318011823,999,895
58.15208815900591,992,894
58.1854131378936,990,893
58.21873811678128,992,894
58.25206309566896,998,895
58.28538807455664,1010,897
58.31871305344433,1026,900
58.35203803233201,1046,902
58.38536301121969,1070,906
58.41868799010737,1097,908
58.45201296899506,1128,912
58.48533794788274,1161,914
58.51866292677042,1196,917
58.5519879056581,1233,918
58.585312884545786,1270,919
58.61863786343347,1308,919
58.65196284232115,1345,918
58.68528782120883,1381,916
58.718612800096516,1415,914
58.7519377789842,1446,911
58.78526275787188,1474,908
58.81858773675956,1499,905
58.851912715647245,1520,902
58.88523769453493,1537,899
58.91856267342261,1549,897
58.95188765231029,1556,896
58.985212631197975,1558,895
59.01853761008566,1556,896
59.05186258897334,1548,897
59.08518756786102,1535,899
59.118512546748704,1517,901
59.15183752563639,1496,904
59.18516250452407,1471,907
59.21848748341175,1442,910
59.25181246229943,1410,913
59.28513744118712,1376,915
59.3184624200748,1340,917
59.35178739896248,1303,918
59.38511237785016,1266,918
59.41843735673785,1229,917
59.45176233562553,1192,915
59.485087314513216,1158,913
59.51841229340089,1125,910
59.55173727228858,1095,907
59.58506225117626,1068,904
59.618387230063945,1045,901
59.65171220895162,1026,897
59.685037187839306,1010,896
59.71836216672699,999,894
59.751687145614675,993,893
59.78501212450235,991,893
59.818337103390036,994,894
59.85166208227772,1001,895
59.884987061165404,1014,897
59.91831204005308,1030,899
59.951637018940765,1051,902
59.98496199782845,1075,905
60.01828697671613,1103,908
60.05161195560381,1134,912
60.084936934491495,1167,915
60.11826191337918,1202,917
60.15158689226686,1239,918
60.18491187115455,1276,919
60.218236850042224,1314,919
60.25156182892991,1350,917
60.28488680781759,1386,916
60.31821178670528,1419,913
60.351536765592954,1450,910
60.38486174448064,1477,907
60.41818672336832,1501,904
60.451511702256006,1522,902
60.48483668114368,1538,899
60.51816166003137,1549,897
60.55148663891905,1555,896
60.584811617806736,1557,896
60.61813659669441,1553,896
60.6514615755821,1544,897
60.68478655446978,1531,899
60.718111533357465,1513,902
60.75143651224515,1491,905
60.78476149113283,1465,908
60.81808647002051,1436,911
60.851411448908195,1404,913
60.88473642779588,1370,915
60.918061406683556,1334,917
60.95138638557124,1297,918
60.984711364458924,1260,918
61.01803634334661,1223,917
61.051361322234285,1187,915
61.08468630112197,1153,913
61.118011280009654,1121,910
61.15133625889734,1092,907
61.184661237785015,1066,903
61.2179862166727,1043,900
61.25131119556038,1024,898
61.28463617444807,1010,895
61.31796115333575,1000,894
61.35128613222343,994,894
